,prompt_id,file_name,prompt
0,000,video_000_00.mp4,"On a cozy patio, a woman roasts marshmallows over a flickering fire pit. The cinematic camera moves to unveil surrounding string lights and potted plants, capturing the warm ambiance before returning to the woman's contented face."
1,000,video_000_01.mp4,"On a cozy patio, a woman roasts marshmallows over a flickering fire pit. The cinematic camera moves to unveil surrounding string lights and potted plants, capturing the warm ambiance before returning to the woman's contented face."
2,000,video_000_02.mp4,"On a cozy patio, a woman roasts marshmallows over a flickering fire pit. The cinematic camera moves to unveil surrounding string lights and potted plants, capturing the warm ambiance before returning to the woman's contented face."
3,000,video_000_03.mp4,"On a cozy patio, a woman roasts marshmallows over a flickering fire pit. The cinematic camera moves to unveil surrounding string lights and potted plants, capturing the warm ambiance before returning to the woman's contented face."
4,001,video_001_00.mp4,"In a cozy coffee shop, many cats are sitting on tables, their fur rustling gently. The camera moves in cinematic slow motion, revealing the warm wooden interior adorned with plants, creating a serene atmosphere."
5,001,video_001_01.mp4,"In a cozy coffee shop, many cats are sitting on tables, their fur rustling gently. The camera moves in cinematic slow motion, revealing the warm wooden interior adorned with plants, creating a serene atmosphere."
6,001,video_001_02.mp4,"In a cozy coffee shop, many cats are sitting on tables, their fur rustling gently. The camera moves in cinematic slow motion, revealing the warm wooden interior adorned with plants, creating a serene atmosphere."
7,001,video_001_03.mp4,"In a cozy coffee shop, many cats are sitting on tables, their fur rustling gently. The camera moves in cinematic slow motion, revealing the warm wooden interior adorned with plants, creating a serene atmosphere."
8,002,video_002_00.mp4,"A helicopter camera turns right, capturing many kids bobsledding through a beautifully sculpted topiary garden, revealing intricate hedges and whimsical plant sculptures against the energetic, snowy foreground."
9,002,video_002_01.mp4,"A helicopter camera turns right, capturing many kids bobsledding through a beautifully sculpted topiary garden, revealing intricate hedges and whimsical plant sculptures against the energetic, snowy foreground."
10,002,video_002_02.mp4,"A helicopter camera turns right, capturing many kids bobsledding through a beautifully sculpted topiary garden, revealing intricate hedges and whimsical plant sculptures against the energetic, snowy foreground."
11,002,video_002_03.mp4,"A helicopter camera turns right, capturing many kids bobsledding through a beautifully sculpted topiary garden, revealing intricate hedges and whimsical plant sculptures against the energetic, snowy foreground."
12,003,video_003_00.mp4,"In an indoor firing range, a man gently feeds a woman, while the Red Dragon camera follows their movement, capturing the rows of targets and ammunition racks creating a dynamic and immersive scene."
13,003,video_003_01.mp4,"In an indoor firing range, a man gently feeds a woman, while the Red Dragon camera follows their movement, capturing the rows of targets and ammunition racks creating a dynamic and immersive scene."
14,003,video_003_02.mp4,"In an indoor firing range, a man gently feeds a woman, while the Red Dragon camera follows their movement, capturing the rows of targets and ammunition racks creating a dynamic and immersive scene."
15,003,video_003_03.mp4,"In an indoor firing range, a man gently feeds a woman, while the Red Dragon camera follows their movement, capturing the rows of targets and ammunition racks creating a dynamic and immersive scene."
16,004,video_004_00.mp4,"In a cozy nursery filled with toys and a crib, a single cat sniffs at food on the floor, while a wide-angle camera pans around, revealing colorful walls and a rocking chair in the background."
17,004,video_004_01.mp4,"In a cozy nursery filled with toys and a crib, a single cat sniffs at food on the floor, while a wide-angle camera pans around, revealing colorful walls and a rocking chair in the background."
18,004,video_004_02.mp4,"In a cozy nursery filled with toys and a crib, a single cat sniffs at food on the floor, while a wide-angle camera pans around, revealing colorful walls and a rocking chair in the background."
19,004,video_004_03.mp4,"In a cozy nursery filled with toys and a crib, a single cat sniffs at food on the floor, while a wide-angle camera pans around, revealing colorful walls and a rocking chair in the background."
20,005,video_005_00.mp4,"On a snowy ski slope, two cats are eating food from bowls. The cinematic quality point of view shot glides, showcasing skiers in the background and the pristine, snowy landscape around."
21,005,video_005_01.mp4,"On a snowy ski slope, two cats are eating food from bowls. The cinematic quality point of view shot glides, showcasing skiers in the background and the pristine, snowy landscape around."
22,005,video_005_02.mp4,"On a snowy ski slope, two cats are eating food from bowls. The cinematic quality point of view shot glides, showcasing skiers in the background and the pristine, snowy landscape around."
23,005,video_005_03.mp4,"On a snowy ski slope, two cats are eating food from bowls. The cinematic quality point of view shot glides, showcasing skiers in the background and the pristine, snowy landscape around."
24,006,video_006_00.mp4,"A young girl gently rocks a baby, navigating through a cozy bookstore with shelves of books looming overhead. The camera glides backward on a slider, revealing the intricate maze of literature and warm, inviting atmosphere."
25,006,video_006_01.mp4,"A young girl gently rocks a baby, navigating through a cozy bookstore with shelves of books looming overhead. The camera glides backward on a slider, revealing the intricate maze of literature and warm, inviting atmosphere."
26,006,video_006_02.mp4,"A young girl gently rocks a baby, navigating through a cozy bookstore with shelves of books looming overhead. The camera glides backward on a slider, revealing the intricate maze of literature and warm, inviting atmosphere."
27,006,video_006_03.mp4,"A young girl gently rocks a baby, navigating through a cozy bookstore with shelves of books looming overhead. The camera glides backward on a slider, revealing the intricate maze of literature and warm, inviting atmosphere."
28,007,video_007_00.mp4,"A man rides a jet ski down a tranquil river, his reflection shimmering on the water. As the wide-angle camera pans around, the lush shoreline and distant mountains shift dynamically in the background."
29,007,video_007_01.mp4,"A man rides a jet ski down a tranquil river, his reflection shimmering on the water. As the wide-angle camera pans around, the lush shoreline and distant mountains shift dynamically in the background."
30,007,video_007_02.mp4,"A man rides a jet ski down a tranquil river, his reflection shimmering on the water. As the wide-angle camera pans around, the lush shoreline and distant mountains shift dynamically in the background."
31,007,video_007_03.mp4,"A man rides a jet ski down a tranquil river, his reflection shimmering on the water. As the wide-angle camera pans around, the lush shoreline and distant mountains shift dynamically in the background."
32,008,video_008_00.mp4,"In a cozy dining car, a lone woman meticulously washes a dish at a sink. The camera smoothly pans around her, briefly revealing polished wooden tables and passengers before returning to focus on her diligent work."
33,008,video_008_01.mp4,"In a cozy dining car, a lone woman meticulously washes a dish at a sink. The camera smoothly pans around her, briefly revealing polished wooden tables and passengers before returning to focus on her diligent work."
34,008,video_008_02.mp4,"In a cozy dining car, a lone woman meticulously washes a dish at a sink. The camera smoothly pans around her, briefly revealing polished wooden tables and passengers before returning to focus on her diligent work."
35,008,video_008_03.mp4,"In a cozy dining car, a lone woman meticulously washes a dish at a sink. The camera smoothly pans around her, briefly revealing polished wooden tables and passengers before returning to focus on her diligent work."
36,009,video_009_00.mp4,"From a high angle view on a mezzanine, the camera turns right, capturing two men baking a pizza in a bustling kitchen below. The scene reveals various kitchen equipment and ingredients on the countertops."
37,009,video_009_01.mp4,"From a high angle view on a mezzanine, the camera turns right, capturing two men baking a pizza in a bustling kitchen below. The scene reveals various kitchen equipment and ingredients on the countertops."
38,009,video_009_02.mp4,"From a high angle view on a mezzanine, the camera turns right, capturing two men baking a pizza in a bustling kitchen below. The scene reveals various kitchen equipment and ingredients on the countertops."
39,009,video_009_03.mp4,"From a high angle view on a mezzanine, the camera turns right, capturing two men baking a pizza in a bustling kitchen below. The scene reveals various kitchen equipment and ingredients on the countertops."
40,010,video_010_00.mp4,"A kid jumps off a pier into a pool, as the camera dynamically shifts, revealing boats docked in the background and seagulls perched on nearby pilings, creating an immersive, cinematic experience."
41,010,video_010_01.mp4,"A kid jumps off a pier into a pool, as the camera dynamically shifts, revealing boats docked in the background and seagulls perched on nearby pilings, creating an immersive, cinematic experience."
42,010,video_010_02.mp4,"A kid jumps off a pier into a pool, as the camera dynamically shifts, revealing boats docked in the background and seagulls perched on nearby pilings, creating an immersive, cinematic experience."
43,010,video_010_03.mp4,"A kid jumps off a pier into a pool, as the camera dynamically shifts, revealing boats docked in the background and seagulls perched on nearby pilings, creating an immersive, cinematic experience."
44,011,video_011_00.mp4,"A woman rides a horse along an abandoned railroad track, her reflection visible in a nearby puddle. The ground shot captures a smooth dolly move, revealing surrounding trees and distant mountains in parallax."
45,011,video_011_01.mp4,"A woman rides a horse along an abandoned railroad track, her reflection visible in a nearby puddle. The ground shot captures a smooth dolly move, revealing surrounding trees and distant mountains in parallax."
46,011,video_011_02.mp4,"A woman rides a horse along an abandoned railroad track, her reflection visible in a nearby puddle. The ground shot captures a smooth dolly move, revealing surrounding trees and distant mountains in parallax."
47,011,video_011_03.mp4,"A woman rides a horse along an abandoned railroad track, her reflection visible in a nearby puddle. The ground shot captures a smooth dolly move, revealing surrounding trees and distant mountains in parallax."
48,012,video_012_00.mp4,"Three women casually pass an American football in front of a towering water tower. The cinematic camera glides smoothly on a slider, revealing the tower's imposing structure and creating a dynamic parallax effect."
49,012,video_012_01.mp4,"Three women casually pass an American football in front of a towering water tower. The cinematic camera glides smoothly on a slider, revealing the tower's imposing structure and creating a dynamic parallax effect."
50,012,video_012_02.mp4,"Three women casually pass an American football in front of a towering water tower. The cinematic camera glides smoothly on a slider, revealing the tower's imposing structure and creating a dynamic parallax effect."
51,012,video_012_03.mp4,"Three women casually pass an American football in front of a towering water tower. The cinematic camera glides smoothly on a slider, revealing the tower's imposing structure and creating a dynamic parallax effect."
52,013,video_013_00.mp4,"In an aquatic theater, a girl tightrope walks gracefully above a shimmering pool, her reflection glistening below. A wide-angle camera captures the scene in slow motion, revealing the surrounding intricate water features with stunning parallax effect."
53,013,video_013_01.mp4,"In an aquatic theater, a girl tightrope walks gracefully above a shimmering pool, her reflection glistening below. A wide-angle camera captures the scene in slow motion, revealing the surrounding intricate water features with stunning parallax effect."
54,013,video_013_02.mp4,"In an aquatic theater, a girl tightrope walks gracefully above a shimmering pool, her reflection glistening below. A wide-angle camera captures the scene in slow motion, revealing the surrounding intricate water features with stunning parallax effect."
55,013,video_013_03.mp4,"In an aquatic theater, a girl tightrope walks gracefully above a shimmering pool, her reflection glistening below. A wide-angle camera captures the scene in slow motion, revealing the surrounding intricate water features with stunning parallax effect."
56,014,video_014_00.mp4,"In the shadowy exterior of a hunting lodge, a dog sniffs the ground. The camera moves back on a slider, revealing the rustic lodge, tall trees, and scattered gear, creating a dynamic, layered perspective."
57,014,video_014_01.mp4,"In the shadowy exterior of a hunting lodge, a dog sniffs the ground. The camera moves back on a slider, revealing the rustic lodge, tall trees, and scattered gear, creating a dynamic, layered perspective."
58,014,video_014_02.mp4,"In the shadowy exterior of a hunting lodge, a dog sniffs the ground. The camera moves back on a slider, revealing the rustic lodge, tall trees, and scattered gear, creating a dynamic, layered perspective."
59,014,video_014_03.mp4,"In the shadowy exterior of a hunting lodge, a dog sniffs the ground. The camera moves back on a slider, revealing the rustic lodge, tall trees, and scattered gear, creating a dynamic, layered perspective."
60,015,video_015_00.mp4,"Three men on a restaurant patio cheer and watch as one of them starts diving off a cliff. The low-angle camera turns right, revealing diners, tables, and an expansive ocean beyond the cliff."
61,015,video_015_01.mp4,"Three men on a restaurant patio cheer and watch as one of them starts diving off a cliff. The low-angle camera turns right, revealing diners, tables, and an expansive ocean beyond the cliff."
62,015,video_015_02.mp4,"Three men on a restaurant patio cheer and watch as one of them starts diving off a cliff. The low-angle camera turns right, revealing diners, tables, and an expansive ocean beyond the cliff."
63,015,video_015_03.mp4,"Three men on a restaurant patio cheer and watch as one of them starts diving off a cliff. The low-angle camera turns right, revealing diners, tables, and an expansive ocean beyond the cliff."
64,016,video_016_00.mp4,"A wide-angle camera glides back, revealing a serene river with a single boat drifting gently. The water reflects the boat and surrounding trees, creating a tranquil, mirrored landscape."
65,016,video_016_01.mp4,"A wide-angle camera glides back, revealing a serene river with a single boat drifting gently. The water reflects the boat and surrounding trees, creating a tranquil, mirrored landscape."
66,016,video_016_02.mp4,"A wide-angle camera glides back, revealing a serene river with a single boat drifting gently. The water reflects the boat and surrounding trees, creating a tranquil, mirrored landscape."
67,016,video_016_03.mp4,"A wide-angle camera glides back, revealing a serene river with a single boat drifting gently. The water reflects the boat and surrounding trees, creating a tranquil, mirrored landscape."
68,017,video_017_00.mp4,"A man is feeding a dog in a bustling pet shop. The camera pulls out, revealing rows of cages, colorful pet supplies, and busy staff and customers in the background, creating a lively and dynamic scene."
69,017,video_017_01.mp4,"A man is feeding a dog in a bustling pet shop. The camera pulls out, revealing rows of cages, colorful pet supplies, and busy staff and customers in the background, creating a lively and dynamic scene."
70,017,video_017_02.mp4,"A man is feeding a dog in a bustling pet shop. The camera pulls out, revealing rows of cages, colorful pet supplies, and busy staff and customers in the background, creating a lively and dynamic scene."
71,017,video_017_03.mp4,"A man is feeding a dog in a bustling pet shop. The camera pulls out, revealing rows of cages, colorful pet supplies, and busy staff and customers in the background, creating a lively and dynamic scene."
72,018,video_018_00.mp4,"In a moving train's interior, the camera pans smoothly between seats and luggage racks, revealing a pair of skis standing upright, creating a sense of depth and highlighting the cozy, compact space."
73,018,video_018_01.mp4,"In a moving train's interior, the camera pans smoothly between seats and luggage racks, revealing a pair of skis standing upright, creating a sense of depth and highlighting the cozy, compact space."
74,018,video_018_02.mp4,"In a moving train's interior, the camera pans smoothly between seats and luggage racks, revealing a pair of skis standing upright, creating a sense of depth and highlighting the cozy, compact space."
75,018,video_018_03.mp4,"In a moving train's interior, the camera pans smoothly between seats and luggage racks, revealing a pair of skis standing upright, creating a sense of depth and highlighting the cozy, compact space."
76,019,video_019_00.mp4,"A wide-angle pull-out shot reveals a man on a cozy balcony, resting beside a laying dog, both mirrored in a window's reflection as they enjoy the interior view."
77,019,video_019_01.mp4,"A wide-angle pull-out shot reveals a man on a cozy balcony, resting beside a laying dog, both mirrored in a window's reflection as they enjoy the interior view."
78,019,video_019_02.mp4,"A wide-angle pull-out shot reveals a man on a cozy balcony, resting beside a laying dog, both mirrored in a window's reflection as they enjoy the interior view."
79,019,video_019_03.mp4,"A wide-angle pull-out shot reveals a man on a cozy balcony, resting beside a laying dog, both mirrored in a window's reflection as they enjoy the interior view."
80,020,video_020_00.mp4,"A drone shot pulls out from a cozy house, revealing a playful dog in the yard, casting a long shadow as the camera ascends, uncovering the surrounding neighborhood."
81,020,video_020_01.mp4,"A drone shot pulls out from a cozy house, revealing a playful dog in the yard, casting a long shadow as the camera ascends, uncovering the surrounding neighborhood."
82,020,video_020_02.mp4,"A drone shot pulls out from a cozy house, revealing a playful dog in the yard, casting a long shadow as the camera ascends, uncovering the surrounding neighborhood."
83,020,video_020_03.mp4,"A drone shot pulls out from a cozy house, revealing a playful dog in the yard, casting a long shadow as the camera ascends, uncovering the surrounding neighborhood."
84,021,video_021_00.mp4,"A high-angle view pushes in on a single person intently assembling a computer at a cluttered desk within a dentist's office, revealing dental chairs, equipment, and posters in the background."
85,021,video_021_01.mp4,"A high-angle view pushes in on a single person intently assembling a computer at a cluttered desk within a dentist's office, revealing dental chairs, equipment, and posters in the background."
86,021,video_021_02.mp4,"A high-angle view pushes in on a single person intently assembling a computer at a cluttered desk within a dentist's office, revealing dental chairs, equipment, and posters in the background."
87,021,video_021_03.mp4,"A high-angle view pushes in on a single person intently assembling a computer at a cluttered desk within a dentist's office, revealing dental chairs, equipment, and posters in the background."
88,022,video_022_00.mp4,"In an auto factory, a lone dog drinks water from a puddle amidst hulking machinery and assembly lines. The ground shot dolly camera moves forward, revealing industrial surroundings with the dog in sharp focus."
89,022,video_022_01.mp4,"In an auto factory, a lone dog drinks water from a puddle amidst hulking machinery and assembly lines. The ground shot dolly camera moves forward, revealing industrial surroundings with the dog in sharp focus."
90,022,video_022_02.mp4,"In an auto factory, a lone dog drinks water from a puddle amidst hulking machinery and assembly lines. The ground shot dolly camera moves forward, revealing industrial surroundings with the dog in sharp focus."
91,022,video_022_03.mp4,"In an auto factory, a lone dog drinks water from a puddle amidst hulking machinery and assembly lines. The ground shot dolly camera moves forward, revealing industrial surroundings with the dog in sharp focus."
92,023,video_023_00.mp4,"A pedestal shot from a drone captures an auditorium, revealing rows of seats and a stage, with a single ornate vase prominently placed at the center, creating stark parallax between foreground and background elements."
93,023,video_023_01.mp4,"A pedestal shot from a drone captures an auditorium, revealing rows of seats and a stage, with a single ornate vase prominently placed at the center, creating stark parallax between foreground and background elements."
94,023,video_023_02.mp4,"A pedestal shot from a drone captures an auditorium, revealing rows of seats and a stage, with a single ornate vase prominently placed at the center, creating stark parallax between foreground and background elements."
95,023,video_023_03.mp4,"A pedestal shot from a drone captures an auditorium, revealing rows of seats and a stage, with a single ornate vase prominently placed at the center, creating stark parallax between foreground and background elements."
96,024,video_024_00.mp4,"In a cinematic pull-out shot, a lone person is seen paragliding over a sprawling junkyard, their shadow gliding over heaps of scrap metal and abandoned cars, revealing the chaotic landscape below."
97,024,video_024_01.mp4,"In a cinematic pull-out shot, a lone person is seen paragliding over a sprawling junkyard, their shadow gliding over heaps of scrap metal and abandoned cars, revealing the chaotic landscape below."
98,024,video_024_02.mp4,"In a cinematic pull-out shot, a lone person is seen paragliding over a sprawling junkyard, their shadow gliding over heaps of scrap metal and abandoned cars, revealing the chaotic landscape below."
99,024,video_024_03.mp4,"In a cinematic pull-out shot, a lone person is seen paragliding over a sprawling junkyard, their shadow gliding over heaps of scrap metal and abandoned cars, revealing the chaotic landscape below."
100,025,video_025_00.mp4,"An aerial shot follows a lone man holding a football as he walks cautiously near a watering hole, where birds scatter and ripples spread across the sunlit water."
101,025,video_025_01.mp4,"An aerial shot follows a lone man holding a football as he walks cautiously near a watering hole, where birds scatter and ripples spread across the sunlit water."
102,025,video_025_02.mp4,"An aerial shot follows a lone man holding a football as he walks cautiously near a watering hole, where birds scatter and ripples spread across the sunlit water."
103,025,video_025_03.mp4,"An aerial shot follows a lone man holding a football as he walks cautiously near a watering hole, where birds scatter and ripples spread across the sunlit water."
104,026,video_026_00.mp4,"A drone follows two men carrying a basket through the sprawling, complex machinery of an outdoor power plant, revealing towering structures and intricate pipes against a backdrop of clear blue sky."
105,026,video_026_01.mp4,"A drone follows two men carrying a basket through the sprawling, complex machinery of an outdoor power plant, revealing towering structures and intricate pipes against a backdrop of clear blue sky."
106,026,video_026_02.mp4,"A drone follows two men carrying a basket through the sprawling, complex machinery of an outdoor power plant, revealing towering structures and intricate pipes against a backdrop of clear blue sky."
107,026,video_026_03.mp4,"A drone follows two men carrying a basket through the sprawling, complex machinery of an outdoor power plant, revealing towering structures and intricate pipes against a backdrop of clear blue sky."
108,027,video_027_00.mp4,"In an elevator lobby, a steadycam ground shot captures a lone cat eating food, revealing sleek elevators in the background and stylish lobby decor in the foreground, creating a depth of field with visible parallax."
109,027,video_027_01.mp4,"In an elevator lobby, a steadycam ground shot captures a lone cat eating food, revealing sleek elevators in the background and stylish lobby decor in the foreground, creating a depth of field with visible parallax."
110,027,video_027_02.mp4,"In an elevator lobby, a steadycam ground shot captures a lone cat eating food, revealing sleek elevators in the background and stylish lobby decor in the foreground, creating a depth of field with visible parallax."
111,027,video_027_03.mp4,"In an elevator lobby, a steadycam ground shot captures a lone cat eating food, revealing sleek elevators in the background and stylish lobby decor in the foreground, creating a depth of field with visible parallax."
112,028,video_028_00.mp4,"In a biology laboratory, three dogs drink water from bowls on a reflective countertop. The camera moves back on a slider, offering a high angle view that reveals lab equipment and charts in the background."
113,028,video_028_01.mp4,"In a biology laboratory, three dogs drink water from bowls on a reflective countertop. The camera moves back on a slider, offering a high angle view that reveals lab equipment and charts in the background."
114,028,video_028_02.mp4,"In a biology laboratory, three dogs drink water from bowls on a reflective countertop. The camera moves back on a slider, offering a high angle view that reveals lab equipment and charts in the background."
115,028,video_028_03.mp4,"In a biology laboratory, three dogs drink water from bowls on a reflective countertop. The camera moves back on a slider, offering a high angle view that reveals lab equipment and charts in the background."
116,029,video_029_00.mp4,"In a dimly-lit alcove, a solitary person expertly throws playing cards, as the camera trucks smoothly to reveal intricate wall carvings and scattered cards on the floor, creating a dynamic sense of depth."
117,029,video_029_01.mp4,"In a dimly-lit alcove, a solitary person expertly throws playing cards, as the camera trucks smoothly to reveal intricate wall carvings and scattered cards on the floor, creating a dynamic sense of depth."
118,029,video_029_02.mp4,"In a dimly-lit alcove, a solitary person expertly throws playing cards, as the camera trucks smoothly to reveal intricate wall carvings and scattered cards on the floor, creating a dynamic sense of depth."
119,029,video_029_03.mp4,"In a dimly-lit alcove, a solitary person expertly throws playing cards, as the camera trucks smoothly to reveal intricate wall carvings and scattered cards on the floor, creating a dynamic sense of depth."
120,030,video_030_00.mp4,"In a spacious parking lot, a woman lovingly hugs a teddy bear; the camera performs an arc shot, revealing rows of cars and the distant city skyline in the background."
121,030,video_030_01.mp4,"In a spacious parking lot, a woman lovingly hugs a teddy bear; the camera performs an arc shot, revealing rows of cars and the distant city skyline in the background."
122,030,video_030_02.mp4,"In a spacious parking lot, a woman lovingly hugs a teddy bear; the camera performs an arc shot, revealing rows of cars and the distant city skyline in the background."
123,030,video_030_03.mp4,"In a spacious parking lot, a woman lovingly hugs a teddy bear; the camera performs an arc shot, revealing rows of cars and the distant city skyline in the background."
124,031,video_031_00.mp4,"In a grand, echoing great hall, a man carefully cuts a paper at a large wooden table. The handheld wide-angle camera moves smoothly around, revealing towering pillars and intricate tapestries in the background."
125,031,video_031_01.mp4,"In a grand, echoing great hall, a man carefully cuts a paper at a large wooden table. The handheld wide-angle camera moves smoothly around, revealing towering pillars and intricate tapestries in the background."
126,031,video_031_02.mp4,"In a grand, echoing great hall, a man carefully cuts a paper at a large wooden table. The handheld wide-angle camera moves smoothly around, revealing towering pillars and intricate tapestries in the background."
127,031,video_031_03.mp4,"In a grand, echoing great hall, a man carefully cuts a paper at a large wooden table. The handheld wide-angle camera moves smoothly around, revealing towering pillars and intricate tapestries in the background."
128,032,video_032_00.mp4,"A high-angle view pedestals down over an outdoor tennis court, revealing a man gazing at a cow. The court's surface reflects their mirrored images, creating a surreal contrast between sport and nature."
129,032,video_032_01.mp4,"A high-angle view pedestals down over an outdoor tennis court, revealing a man gazing at a cow. The court's surface reflects their mirrored images, creating a surreal contrast between sport and nature."
130,032,video_032_02.mp4,"A high-angle view pedestals down over an outdoor tennis court, revealing a man gazing at a cow. The court's surface reflects their mirrored images, creating a surreal contrast between sport and nature."
131,032,video_032_03.mp4,"A high-angle view pedestals down over an outdoor tennis court, revealing a man gazing at a cow. The court's surface reflects their mirrored images, creating a surreal contrast between sport and nature."
132,033,video_033_00.mp4,"In a serene, sunlit church interior, two curious cats sniff the food placed near a pew, captured by a high angle follow shot, revealing intricate stained glass windows in the background."
133,033,video_033_01.mp4,"In a serene, sunlit church interior, two curious cats sniff the food placed near a pew, captured by a high angle follow shot, revealing intricate stained glass windows in the background."
134,033,video_033_02.mp4,"In a serene, sunlit church interior, two curious cats sniff the food placed near a pew, captured by a high angle follow shot, revealing intricate stained glass windows in the background."
135,033,video_033_03.mp4,"In a serene, sunlit church interior, two curious cats sniff the food placed near a pew, captured by a high angle follow shot, revealing intricate stained glass windows in the background."
136,034,video_034_00.mp4,"An aerial shot captures a cat precariously perched on the edge of a crevasse. In slow motion, the camera moves in to reveal the depth of the icy chasm, then retreats, showing the cat's daring position amidst the expansive landscape."
137,034,video_034_01.mp4,"An aerial shot captures a cat precariously perched on the edge of a crevasse. In slow motion, the camera moves in to reveal the depth of the icy chasm, then retreats, showing the cat's daring position amidst the expansive landscape."
138,034,video_034_02.mp4,"An aerial shot captures a cat precariously perched on the edge of a crevasse. In slow motion, the camera moves in to reveal the depth of the icy chasm, then retreats, showing the cat's daring position amidst the expansive landscape."
139,034,video_034_03.mp4,"An aerial shot captures a cat precariously perched on the edge of a crevasse. In slow motion, the camera moves in to reveal the depth of the icy chasm, then retreats, showing the cat's daring position amidst the expansive landscape."
140,035,video_035_00.mp4,"In a cinematic shot from a legislative chamber, the camera glides forward on a slider, revealing a reflective sink in the foreground, capturing the grandiose assembly surroundings through its gleaming surface."
141,035,video_035_01.mp4,"In a cinematic shot from a legislative chamber, the camera glides forward on a slider, revealing a reflective sink in the foreground, capturing the grandiose assembly surroundings through its gleaming surface."
142,035,video_035_02.mp4,"In a cinematic shot from a legislative chamber, the camera glides forward on a slider, revealing a reflective sink in the foreground, capturing the grandiose assembly surroundings through its gleaming surface."
143,035,video_035_03.mp4,"In a cinematic shot from a legislative chamber, the camera glides forward on a slider, revealing a reflective sink in the foreground, capturing the grandiose assembly surroundings through its gleaming surface."
144,036,video_036_00.mp4,"The cinematic tracking shot moves through a cluttered dorm room, focusing on a lone spoon left on a messy desk, highlighting the chaotic yet personal student living space."
145,036,video_036_01.mp4,"The cinematic tracking shot moves through a cluttered dorm room, focusing on a lone spoon left on a messy desk, highlighting the chaotic yet personal student living space."
146,036,video_036_02.mp4,"The cinematic tracking shot moves through a cluttered dorm room, focusing on a lone spoon left on a messy desk, highlighting the chaotic yet personal student living space."
147,036,video_036_03.mp4,"The cinematic tracking shot moves through a cluttered dorm room, focusing on a lone spoon left on a messy desk, highlighting the chaotic yet personal student living space."
148,037,video_037_00.mp4,"In a first-person shot inside a lush greenhouse, the camera pans to reveal two cats eating their food amidst a backdrop of vibrant plants and hanging vines."
149,037,video_037_01.mp4,"In a first-person shot inside a lush greenhouse, the camera pans to reveal two cats eating their food amidst a backdrop of vibrant plants and hanging vines."
150,037,video_037_02.mp4,"In a first-person shot inside a lush greenhouse, the camera pans to reveal two cats eating their food amidst a backdrop of vibrant plants and hanging vines."
151,037,video_037_03.mp4,"In a first-person shot inside a lush greenhouse, the camera pans to reveal two cats eating their food amidst a backdrop of vibrant plants and hanging vines."
152,038,video_038_00.mp4,"In a meticulously trimmed topiary garden, two cats sip water from a stone fountain. The drone camera gracefully pans around them, casting elongated shadows across the verdant hedges and colorful flower beds."
153,038,video_038_01.mp4,"In a meticulously trimmed topiary garden, two cats sip water from a stone fountain. The drone camera gracefully pans around them, casting elongated shadows across the verdant hedges and colorful flower beds."
154,038,video_038_02.mp4,"In a meticulously trimmed topiary garden, two cats sip water from a stone fountain. The drone camera gracefully pans around them, casting elongated shadows across the verdant hedges and colorful flower beds."
155,038,video_038_03.mp4,"In a meticulously trimmed topiary garden, two cats sip water from a stone fountain. The drone camera gracefully pans around them, casting elongated shadows across the verdant hedges and colorful flower beds."
156,039,video_039_00.mp4,"A wide-angle tracking shot reveals a tree house bathed in the dappled light of the forest canopy. A man in a wheelchair sits thoughtfully, as the shadow of leaves dances across his face."
157,039,video_039_01.mp4,"A wide-angle tracking shot reveals a tree house bathed in the dappled light of the forest canopy. A man in a wheelchair sits thoughtfully, as the shadow of leaves dances across his face."
158,039,video_039_02.mp4,"A wide-angle tracking shot reveals a tree house bathed in the dappled light of the forest canopy. A man in a wheelchair sits thoughtfully, as the shadow of leaves dances across his face."
159,039,video_039_03.mp4,"A wide-angle tracking shot reveals a tree house bathed in the dappled light of the forest canopy. A man in a wheelchair sits thoughtfully, as the shadow of leaves dances across his face."
160,040,video_040_00.mp4,"In a dimly lit jail cell, a man grasping a phone paces anxiously. The camera smoothly pans around him, revealing stark concrete walls and barred windows casting ominous shadows, highlighting the somber atmosphere."
161,040,video_040_01.mp4,"In a dimly lit jail cell, a man grasping a phone paces anxiously. The camera smoothly pans around him, revealing stark concrete walls and barred windows casting ominous shadows, highlighting the somber atmosphere."
162,040,video_040_02.mp4,"In a dimly lit jail cell, a man grasping a phone paces anxiously. The camera smoothly pans around him, revealing stark concrete walls and barred windows casting ominous shadows, highlighting the somber atmosphere."
163,040,video_040_03.mp4,"In a dimly lit jail cell, a man grasping a phone paces anxiously. The camera smoothly pans around him, revealing stark concrete walls and barred windows casting ominous shadows, highlighting the somber atmosphere."
164,041,video_041_00.mp4,"A man methodically sharpens knives in a dimly lit home theater as the camera shakes intensely, revealing plush seats and a projection screen, before snapping back to the focused, glinting blades."
165,041,video_041_01.mp4,"A man methodically sharpens knives in a dimly lit home theater as the camera shakes intensely, revealing plush seats and a projection screen, before snapping back to the focused, glinting blades."
166,041,video_041_02.mp4,"A man methodically sharpens knives in a dimly lit home theater as the camera shakes intensely, revealing plush seats and a projection screen, before snapping back to the focused, glinting blades."
167,041,video_041_03.mp4,"A man methodically sharpens knives in a dimly lit home theater as the camera shakes intensely, revealing plush seats and a projection screen, before snapping back to the focused, glinting blades."
168,042,video_042_00.mp4,"In a sunlit orchard, amidst rows of apple trees, a medium shot captures a person warmly hugging a friend. The camera arcs around them, revealing lush greenery and ripening fruit in the background."
169,042,video_042_01.mp4,"In a sunlit orchard, amidst rows of apple trees, a medium shot captures a person warmly hugging a friend. The camera arcs around them, revealing lush greenery and ripening fruit in the background."
170,042,video_042_02.mp4,"In a sunlit orchard, amidst rows of apple trees, a medium shot captures a person warmly hugging a friend. The camera arcs around them, revealing lush greenery and ripening fruit in the background."
171,042,video_042_03.mp4,"In a sunlit orchard, amidst rows of apple trees, a medium shot captures a person warmly hugging a friend. The camera arcs around them, revealing lush greenery and ripening fruit in the background."
172,043,video_043_00.mp4,"A high-angle trucking shot captures a man cutting a pizza at an outdoor hotel setting, reflections shimmering on nearby glass surfaces, enhancing the lively ambiance."
173,043,video_043_01.mp4,"A high-angle trucking shot captures a man cutting a pizza at an outdoor hotel setting, reflections shimmering on nearby glass surfaces, enhancing the lively ambiance."
174,043,video_043_02.mp4,"A high-angle trucking shot captures a man cutting a pizza at an outdoor hotel setting, reflections shimmering on nearby glass surfaces, enhancing the lively ambiance."
175,043,video_043_03.mp4,"A high-angle trucking shot captures a man cutting a pizza at an outdoor hotel setting, reflections shimmering on nearby glass surfaces, enhancing the lively ambiance."
176,044,video_044_00.mp4,"From a first-person medium shot, a boat glides through an icy sea, drifting past towering ice floes that shimmer in the cold, crisp air."
177,044,video_044_01.mp4,"From a first-person medium shot, a boat glides through an icy sea, drifting past towering ice floes that shimmer in the cold, crisp air."
178,044,video_044_02.mp4,"From a first-person medium shot, a boat glides through an icy sea, drifting past towering ice floes that shimmer in the cold, crisp air."
179,044,video_044_03.mp4,"From a first-person medium shot, a boat glides through an icy sea, drifting past towering ice floes that shimmer in the cold, crisp air."
180,045,video_045_00.mp4,"Two kids are canoeing by a boathouse, their playful laughter echoing across the water. From an aerial high angle, the camera executes a boom shot, revealing shimmering reflections and then returns to its original position."
181,045,video_045_01.mp4,"Two kids are canoeing by a boathouse, their playful laughter echoing across the water. From an aerial high angle, the camera executes a boom shot, revealing shimmering reflections and then returns to its original position."
182,045,video_045_02.mp4,"Two kids are canoeing by a boathouse, their playful laughter echoing across the water. From an aerial high angle, the camera executes a boom shot, revealing shimmering reflections and then returns to its original position."
183,045,video_045_03.mp4,"Two kids are canoeing by a boathouse, their playful laughter echoing across the water. From an aerial high angle, the camera executes a boom shot, revealing shimmering reflections and then returns to its original position."
184,046,video_046_00.mp4,"In a cozy dining room, a woman holds a bottle as the wide-angle camera performs a follow shot, revealing a wooden table and chairs in the foreground and a vintage cabinet in the background."
185,046,video_046_01.mp4,"In a cozy dining room, a woman holds a bottle as the wide-angle camera performs a follow shot, revealing a wooden table and chairs in the foreground and a vintage cabinet in the background."
186,046,video_046_02.mp4,"In a cozy dining room, a woman holds a bottle as the wide-angle camera performs a follow shot, revealing a wooden table and chairs in the foreground and a vintage cabinet in the background."
187,046,video_046_03.mp4,"In a cozy dining room, a woman holds a bottle as the wide-angle camera performs a follow shot, revealing a wooden table and chairs in the foreground and a vintage cabinet in the background."
188,047,video_047_00.mp4,"Two bears stand by a tree in front of a charming shopfront, viewed from a high angle as the camera smoothly dollies forward, revealing the vibrant storefront and surrounding foliage."
189,047,video_047_01.mp4,"Two bears stand by a tree in front of a charming shopfront, viewed from a high angle as the camera smoothly dollies forward, revealing the vibrant storefront and surrounding foliage."
190,047,video_047_02.mp4,"Two bears stand by a tree in front of a charming shopfront, viewed from a high angle as the camera smoothly dollies forward, revealing the vibrant storefront and surrounding foliage."
191,047,video_047_03.mp4,"Two bears stand by a tree in front of a charming shopfront, viewed from a high angle as the camera smoothly dollies forward, revealing the vibrant storefront and surrounding foliage."
192,048,video_048_00.mp4,"In a dimly-lit bar, three men lean against a brick wall, casting long shadows. The low-angle camera turns left, revealing tables, a jukebox, and patrons, creating a dynamic sense of depth."
193,048,video_048_01.mp4,"In a dimly-lit bar, three men lean against a brick wall, casting long shadows. The low-angle camera turns left, revealing tables, a jukebox, and patrons, creating a dynamic sense of depth."
194,048,video_048_02.mp4,"In a dimly-lit bar, three men lean against a brick wall, casting long shadows. The low-angle camera turns left, revealing tables, a jukebox, and patrons, creating a dynamic sense of depth."
195,048,video_048_03.mp4,"In a dimly-lit bar, three men lean against a brick wall, casting long shadows. The low-angle camera turns left, revealing tables, a jukebox, and patrons, creating a dynamic sense of depth."
196,049,video_049_00.mp4,"In an auto factory, a wide-angle camera pushes in, revealing rows of gleaming toasters on an assembly line, their metallic surfaces reflecting the industrial machinery and conveyor belts surrounding them."
197,049,video_049_01.mp4,"In an auto factory, a wide-angle camera pushes in, revealing rows of gleaming toasters on an assembly line, their metallic surfaces reflecting the industrial machinery and conveyor belts surrounding them."
198,049,video_049_02.mp4,"In an auto factory, a wide-angle camera pushes in, revealing rows of gleaming toasters on an assembly line, their metallic surfaces reflecting the industrial machinery and conveyor belts surrounding them."
199,049,video_049_03.mp4,"In an auto factory, a wide-angle camera pushes in, revealing rows of gleaming toasters on an assembly line, their metallic surfaces reflecting the industrial machinery and conveyor belts surrounding them."
200,050,video_050_00.mp4,"In an indoor auditorium, a dog stands proudly on a polished podium. The cinematic-quality camera follows the dog, capturing its reflection on the shiny surface, as the background subtly shifts to reveal rows of seats."
201,050,video_050_01.mp4,"In an indoor auditorium, a dog stands proudly on a polished podium. The cinematic-quality camera follows the dog, capturing its reflection on the shiny surface, as the background subtly shifts to reveal rows of seats."
202,050,video_050_02.mp4,"In an indoor auditorium, a dog stands proudly on a polished podium. The cinematic-quality camera follows the dog, capturing its reflection on the shiny surface, as the background subtly shifts to reveal rows of seats."
203,050,video_050_03.mp4,"In an indoor auditorium, a dog stands proudly on a polished podium. The cinematic-quality camera follows the dog, capturing its reflection on the shiny surface, as the background subtly shifts to reveal rows of seats."
204,051,video_051_00.mp4,"A wide-angle shot pulls out to reveal many men hugging amid ancient ruins, their forms contrasting starkly with the crumbling stone structures and overgrown vegetation surrounding them."
205,051,video_051_01.mp4,"A wide-angle shot pulls out to reveal many men hugging amid ancient ruins, their forms contrasting starkly with the crumbling stone structures and overgrown vegetation surrounding them."
206,051,video_051_02.mp4,"A wide-angle shot pulls out to reveal many men hugging amid ancient ruins, their forms contrasting starkly with the crumbling stone structures and overgrown vegetation surrounding them."
207,051,video_051_03.mp4,"A wide-angle shot pulls out to reveal many men hugging amid ancient ruins, their forms contrasting starkly with the crumbling stone structures and overgrown vegetation surrounding them."
208,052,video_052_00.mp4,"In a bustling outdoor bazaar, two men chase a frisbee amidst colorful market stalls. The low aerial shot reveals vibrant fabrics and trinkets, moving up and down to capture their playful pursuit."
209,052,video_052_01.mp4,"In a bustling outdoor bazaar, two men chase a frisbee amidst colorful market stalls. The low aerial shot reveals vibrant fabrics and trinkets, moving up and down to capture their playful pursuit."
210,052,video_052_02.mp4,"In a bustling outdoor bazaar, two men chase a frisbee amidst colorful market stalls. The low aerial shot reveals vibrant fabrics and trinkets, moving up and down to capture their playful pursuit."
211,052,video_052_03.mp4,"In a bustling outdoor bazaar, two men chase a frisbee amidst colorful market stalls. The low aerial shot reveals vibrant fabrics and trinkets, moving up and down to capture their playful pursuit."
212,053,video_053_00.mp4,"In a pet shop, a kid is playing beer pong amid colorful cages while the camera performs a dolly shot, seamlessly revealing rows of animals and pet supplies in the foreground and background."
213,053,video_053_01.mp4,"In a pet shop, a kid is playing beer pong amid colorful cages while the camera performs a dolly shot, seamlessly revealing rows of animals and pet supplies in the foreground and background."
214,053,video_053_02.mp4,"In a pet shop, a kid is playing beer pong amid colorful cages while the camera performs a dolly shot, seamlessly revealing rows of animals and pet supplies in the foreground and background."
215,053,video_053_03.mp4,"In a pet shop, a kid is playing beer pong amid colorful cages while the camera performs a dolly shot, seamlessly revealing rows of animals and pet supplies in the foreground and background."
216,054,video_054_00.mp4,"In an army base, a soldier is joyfully eating doughnuts. The scene is captured in slow motion from a low angle, giving a dynamic view of the bustling surroundings with military equipment and personnel in the background."
217,054,video_054_01.mp4,"In an army base, a soldier is joyfully eating doughnuts. The scene is captured in slow motion from a low angle, giving a dynamic view of the bustling surroundings with military equipment and personnel in the background."
218,054,video_054_02.mp4,"In an army base, a soldier is joyfully eating doughnuts. The scene is captured in slow motion from a low angle, giving a dynamic view of the bustling surroundings with military equipment and personnel in the background."
219,054,video_054_03.mp4,"In an army base, a soldier is joyfully eating doughnuts. The scene is captured in slow motion from a low angle, giving a dynamic view of the bustling surroundings with military equipment and personnel in the background."
220,055,video_055_00.mp4,"A single man swings a racket by an urban canal, captured in a long shot with a trucking camera movement, revealing the bustling cityscape and tranquil waterway in the background."
221,055,video_055_01.mp4,"A single man swings a racket by an urban canal, captured in a long shot with a trucking camera movement, revealing the bustling cityscape and tranquil waterway in the background."
222,055,video_055_02.mp4,"A single man swings a racket by an urban canal, captured in a long shot with a trucking camera movement, revealing the bustling cityscape and tranquil waterway in the background."
223,055,video_055_03.mp4,"A single man swings a racket by an urban canal, captured in a long shot with a trucking camera movement, revealing the bustling cityscape and tranquil waterway in the background."
224,056,video_056_00.mp4,"A handheld camera captures a long shot of an indoor escalator. In the foreground, a lone banana sits incongruously on a step, as the bustling mall shoppers move in the background."
225,056,video_056_01.mp4,"A handheld camera captures a long shot of an indoor escalator. In the foreground, a lone banana sits incongruously on a step, as the bustling mall shoppers move in the background."
226,056,video_056_02.mp4,"A handheld camera captures a long shot of an indoor escalator. In the foreground, a lone banana sits incongruously on a step, as the bustling mall shoppers move in the background."
227,056,video_056_03.mp4,"A handheld camera captures a long shot of an indoor escalator. In the foreground, a lone banana sits incongruously on a step, as the bustling mall shoppers move in the background."
228,057,video_057_00.mp4,"A low-angle dolly shot glides along an assembly line, revealing a man holding a book amidst the industrious setting, with machinery and conveyor belts creating a dynamic, busy backdrop around him."
229,057,video_057_01.mp4,"A low-angle dolly shot glides along an assembly line, revealing a man holding a book amidst the industrious setting, with machinery and conveyor belts creating a dynamic, busy backdrop around him."
230,057,video_057_02.mp4,"A low-angle dolly shot glides along an assembly line, revealing a man holding a book amidst the industrious setting, with machinery and conveyor belts creating a dynamic, busy backdrop around him."
231,057,video_057_03.mp4,"A low-angle dolly shot glides along an assembly line, revealing a man holding a book amidst the industrious setting, with machinery and conveyor belts creating a dynamic, busy backdrop around him."
232,058,video_058_00.mp4,"In a cozy living room, a man carefully cuts his hair while sitting near a coffee table. The camera performs a low-angle dolly shot, revealing a bookshelf in the background and a soft rug in the foreground."
233,058,video_058_01.mp4,"In a cozy living room, a man carefully cuts his hair while sitting near a coffee table. The camera performs a low-angle dolly shot, revealing a bookshelf in the background and a soft rug in the foreground."
234,058,video_058_02.mp4,"In a cozy living room, a man carefully cuts his hair while sitting near a coffee table. The camera performs a low-angle dolly shot, revealing a bookshelf in the background and a soft rug in the foreground."
235,058,video_058_03.mp4,"In a cozy living room, a man carefully cuts his hair while sitting near a coffee table. The camera performs a low-angle dolly shot, revealing a bookshelf in the background and a soft rug in the foreground."
236,059,video_059_00.mp4,"Water streams down a tiled shower; a point of view shot captures a hand reaching for a vibrant bottle of shampoo on a corner shelf, creating a sense of immersion with the camera's subtle, lifelike movements."
237,059,video_059_01.mp4,"Water streams down a tiled shower; a point of view shot captures a hand reaching for a vibrant bottle of shampoo on a corner shelf, creating a sense of immersion with the camera's subtle, lifelike movements."
238,059,video_059_02.mp4,"Water streams down a tiled shower; a point of view shot captures a hand reaching for a vibrant bottle of shampoo on a corner shelf, creating a sense of immersion with the camera's subtle, lifelike movements."
239,059,video_059_03.mp4,"Water streams down a tiled shower; a point of view shot captures a hand reaching for a vibrant bottle of shampoo on a corner shelf, creating a sense of immersion with the camera's subtle, lifelike movements."
240,060,video_060_00.mp4,"Three men walk along a sandy beach, their long shadows cast by the setting sun, while the camera follows their movement, capturing a medium shot aboard a boat deck."
241,060,video_060_01.mp4,"Three men walk along a sandy beach, their long shadows cast by the setting sun, while the camera follows their movement, capturing a medium shot aboard a boat deck."
242,060,video_060_02.mp4,"Three men walk along a sandy beach, their long shadows cast by the setting sun, while the camera follows their movement, capturing a medium shot aboard a boat deck."
243,060,video_060_03.mp4,"Three men walk along a sandy beach, their long shadows cast by the setting sun, while the camera follows their movement, capturing a medium shot aboard a boat deck."
244,061,video_061_00.mp4,"In a cozy kitchen, a cat is laying next to a man on the floor. The handheld camera moves around, showing the cat's reflection in the oven door."
245,061,video_061_01.mp4,"In a cozy kitchen, a cat is laying next to a man on the floor. The handheld camera moves around, showing the cat's reflection in the oven door."
246,061,video_061_02.mp4,"In a cozy kitchen, a cat is laying next to a man on the floor. The handheld camera moves around, showing the cat's reflection in the oven door."
247,061,video_061_03.mp4,"In a cozy kitchen, a cat is laying next to a man on the floor. The handheld camera moves around, showing the cat's reflection in the oven door."
248,062,video_062_00.mp4,"Under a dim, cinematic light, the camera trucks smoothly past a cluttered chemistry lab bench, revealing a remote device amidst the beakers and flasks, before returning to its original position, highlighting the lab's complex environment."
249,062,video_062_01.mp4,"Under a dim, cinematic light, the camera trucks smoothly past a cluttered chemistry lab bench, revealing a remote device amidst the beakers and flasks, before returning to its original position, highlighting the lab's complex environment."
250,062,video_062_02.mp4,"Under a dim, cinematic light, the camera trucks smoothly past a cluttered chemistry lab bench, revealing a remote device amidst the beakers and flasks, before returning to its original position, highlighting the lab's complex environment."
251,062,video_062_03.mp4,"Under a dim, cinematic light, the camera trucks smoothly past a cluttered chemistry lab bench, revealing a remote device amidst the beakers and flasks, before returning to its original position, highlighting the lab's complex environment."
252,063,video_063_00.mp4,"A woman cooks food on a fire escape. The helicopter camera performs a boom shot, capturing the urban landscape as it moves up and then back down, revealing nearby buildings and the bustling street below."
253,063,video_063_01.mp4,"A woman cooks food on a fire escape. The helicopter camera performs a boom shot, capturing the urban landscape as it moves up and then back down, revealing nearby buildings and the bustling street below."
254,063,video_063_02.mp4,"A woman cooks food on a fire escape. The helicopter camera performs a boom shot, capturing the urban landscape as it moves up and then back down, revealing nearby buildings and the bustling street below."
255,063,video_063_03.mp4,"A woman cooks food on a fire escape. The helicopter camera performs a boom shot, capturing the urban landscape as it moves up and then back down, revealing nearby buildings and the bustling street below."
256,064,video_064_00.mp4,"Two people pirouette gracefully on an athletic field. The smooth dolly shot captures their synchronized movement, casting long shadows across the turf as the background subtly shifts, revealing the expanse of the field."
257,064,video_064_01.mp4,"Two people pirouette gracefully on an athletic field. The smooth dolly shot captures their synchronized movement, casting long shadows across the turf as the background subtly shifts, revealing the expanse of the field."
258,064,video_064_02.mp4,"Two people pirouette gracefully on an athletic field. The smooth dolly shot captures their synchronized movement, casting long shadows across the turf as the background subtly shifts, revealing the expanse of the field."
259,064,video_064_03.mp4,"Two people pirouette gracefully on an athletic field. The smooth dolly shot captures their synchronized movement, casting long shadows across the turf as the background subtly shifts, revealing the expanse of the field."
260,065,video_065_00.mp4,"In a bustling harbor, a wide shot captures the movement of the camera as it glides between boats, casting long shadows on the water, revealing a vivid interplay of light and maritime activity."
261,065,video_065_01.mp4,"In a bustling harbor, a wide shot captures the movement of the camera as it glides between boats, casting long shadows on the water, revealing a vivid interplay of light and maritime activity."
262,065,video_065_02.mp4,"In a bustling harbor, a wide shot captures the movement of the camera as it glides between boats, casting long shadows on the water, revealing a vivid interplay of light and maritime activity."
263,065,video_065_03.mp4,"In a bustling harbor, a wide shot captures the movement of the camera as it glides between boats, casting long shadows on the water, revealing a vivid interplay of light and maritime activity."
264,066,video_066_00.mp4,"A kid bravely dives off a cliff into a lush indoor swimming pool as the helicopter camera turns left, revealing sunlit water, surrounding palms, and cheerful onlookers creating a dynamic, immersive scene."
265,066,video_066_01.mp4,"A kid bravely dives off a cliff into a lush indoor swimming pool as the helicopter camera turns left, revealing sunlit water, surrounding palms, and cheerful onlookers creating a dynamic, immersive scene."
266,066,video_066_02.mp4,"A kid bravely dives off a cliff into a lush indoor swimming pool as the helicopter camera turns left, revealing sunlit water, surrounding palms, and cheerful onlookers creating a dynamic, immersive scene."
267,066,video_066_03.mp4,"A kid bravely dives off a cliff into a lush indoor swimming pool as the helicopter camera turns left, revealing sunlit water, surrounding palms, and cheerful onlookers creating a dynamic, immersive scene."
268,067,video_067_00.mp4,"A low-angle tracking shot captures a solitary cat sitting on a bench by an outdoor volleyball court, with the net and players seen in the background, creating a dynamic sense of movement and depth."
269,067,video_067_01.mp4,"A low-angle tracking shot captures a solitary cat sitting on a bench by an outdoor volleyball court, with the net and players seen in the background, creating a dynamic sense of movement and depth."
270,067,video_067_02.mp4,"A low-angle tracking shot captures a solitary cat sitting on a bench by an outdoor volleyball court, with the net and players seen in the background, creating a dynamic sense of movement and depth."
271,067,video_067_03.mp4,"A low-angle tracking shot captures a solitary cat sitting on a bench by an outdoor volleyball court, with the net and players seen in the background, creating a dynamic sense of movement and depth."
272,068,video_068_00.mp4,"A man kicks a football outside a rustic hunting lodge as a helicopter camera captures the scene in slow motion, revealing snow-covered trees and distant mountains with a sense of dynamic depth."
273,068,video_068_01.mp4,"A man kicks a football outside a rustic hunting lodge as a helicopter camera captures the scene in slow motion, revealing snow-covered trees and distant mountains with a sense of dynamic depth."
274,068,video_068_02.mp4,"A man kicks a football outside a rustic hunting lodge as a helicopter camera captures the scene in slow motion, revealing snow-covered trees and distant mountains with a sense of dynamic depth."
275,068,video_068_03.mp4,"A man kicks a football outside a rustic hunting lodge as a helicopter camera captures the scene in slow motion, revealing snow-covered trees and distant mountains with a sense of dynamic depth."
276,069,video_069_00.mp4,"In a vast, silent anechoic chamber, a man is chasing a playful dog. The wide shot, with its steady and smooth perspective, reveals the chamber's intricate, sound-absorbing walls as the background stretches infinitely."
277,069,video_069_01.mp4,"In a vast, silent anechoic chamber, a man is chasing a playful dog. The wide shot, with its steady and smooth perspective, reveals the chamber's intricate, sound-absorbing walls as the background stretches infinitely."
278,069,video_069_02.mp4,"In a vast, silent anechoic chamber, a man is chasing a playful dog. The wide shot, with its steady and smooth perspective, reveals the chamber's intricate, sound-absorbing walls as the background stretches infinitely."
279,069,video_069_03.mp4,"In a vast, silent anechoic chamber, a man is chasing a playful dog. The wide shot, with its steady and smooth perspective, reveals the chamber's intricate, sound-absorbing walls as the background stretches infinitely."
280,070,video_070_00.mp4,"In an ancient, dimly lit catacomb, a woman steels herself as she gets a piercing. The camera trucks horizontally, revealing eerie walls adorned with skulls and cobwebs, creating a palpable sense of depth and foreboding."
281,070,video_070_01.mp4,"In an ancient, dimly lit catacomb, a woman steels herself as she gets a piercing. The camera trucks horizontally, revealing eerie walls adorned with skulls and cobwebs, creating a palpable sense of depth and foreboding."
282,070,video_070_02.mp4,"In an ancient, dimly lit catacomb, a woman steels herself as she gets a piercing. The camera trucks horizontally, revealing eerie walls adorned with skulls and cobwebs, creating a palpable sense of depth and foreboding."
283,070,video_070_03.mp4,"In an ancient, dimly lit catacomb, a woman steels herself as she gets a piercing. The camera trucks horizontally, revealing eerie walls adorned with skulls and cobwebs, creating a palpable sense of depth and foreboding."
284,071,video_071_00.mp4,"On a sunny beach, one person swims joyfully with dolphins. The low-angle camera glides forward on a slider, revealing the glistening ocean waves and distant shoreline, creating a dynamic parallax effect."
285,071,video_071_01.mp4,"On a sunny beach, one person swims joyfully with dolphins. The low-angle camera glides forward on a slider, revealing the glistening ocean waves and distant shoreline, creating a dynamic parallax effect."
286,071,video_071_02.mp4,"On a sunny beach, one person swims joyfully with dolphins. The low-angle camera glides forward on a slider, revealing the glistening ocean waves and distant shoreline, creating a dynamic parallax effect."
287,071,video_071_03.mp4,"On a sunny beach, one person swims joyfully with dolphins. The low-angle camera glides forward on a slider, revealing the glistening ocean waves and distant shoreline, creating a dynamic parallax effect."
288,072,video_072_00.mp4,"A first-person medium shot navigates through a bustling soccer stadium, reflecting a player's perspective. A shiny snack bar window shows our subject: a freshly glazed donut, aligning with the stadium's vibrant backdrop."
289,072,video_072_01.mp4,"A first-person medium shot navigates through a bustling soccer stadium, reflecting a player's perspective. A shiny snack bar window shows our subject: a freshly glazed donut, aligning with the stadium's vibrant backdrop."
290,072,video_072_02.mp4,"A first-person medium shot navigates through a bustling soccer stadium, reflecting a player's perspective. A shiny snack bar window shows our subject: a freshly glazed donut, aligning with the stadium's vibrant backdrop."
291,072,video_072_03.mp4,"A first-person medium shot navigates through a bustling soccer stadium, reflecting a player's perspective. A shiny snack bar window shows our subject: a freshly glazed donut, aligning with the stadium's vibrant backdrop."
292,073,video_073_00.mp4,"In a sunlit junkyard, two women gracefully skateboard amid rusted car parts and old machinery, captured in slow-motion cinematic shots that reveal the depth and texture of their gritty surroundings."
293,073,video_073_01.mp4,"In a sunlit junkyard, two women gracefully skateboard amid rusted car parts and old machinery, captured in slow-motion cinematic shots that reveal the depth and texture of their gritty surroundings."
294,073,video_073_02.mp4,"In a sunlit junkyard, two women gracefully skateboard amid rusted car parts and old machinery, captured in slow-motion cinematic shots that reveal the depth and texture of their gritty surroundings."
295,073,video_073_03.mp4,"In a sunlit junkyard, two women gracefully skateboard amid rusted car parts and old machinery, captured in slow-motion cinematic shots that reveal the depth and texture of their gritty surroundings."
296,074,video_074_00.mp4,"A lone kid sips from a cup in the entrance hall, his shadow cast on the floor as a drone performs a trucking shot, revealing the hall's grand architecture and intricate details."
297,074,video_074_01.mp4,"A lone kid sips from a cup in the entrance hall, his shadow cast on the floor as a drone performs a trucking shot, revealing the hall's grand architecture and intricate details."
298,074,video_074_02.mp4,"A lone kid sips from a cup in the entrance hall, his shadow cast on the floor as a drone performs a trucking shot, revealing the hall's grand architecture and intricate details."
299,074,video_074_03.mp4,"A lone kid sips from a cup in the entrance hall, his shadow cast on the floor as a drone performs a trucking shot, revealing the hall's grand architecture and intricate details."
300,075,video_075_00.mp4,"A drone smoothly dolly moves over a serene restaurant patio, casting shadows on three men engrossed in reading books, surrounded by lush plants and softly clinking cutlery in the background."
301,075,video_075_01.mp4,"A drone smoothly dolly moves over a serene restaurant patio, casting shadows on three men engrossed in reading books, surrounded by lush plants and softly clinking cutlery in the background."
302,075,video_075_02.mp4,"A drone smoothly dolly moves over a serene restaurant patio, casting shadows on three men engrossed in reading books, surrounded by lush plants and softly clinking cutlery in the background."
303,075,video_075_03.mp4,"A drone smoothly dolly moves over a serene restaurant patio, casting shadows on three men engrossed in reading books, surrounded by lush plants and softly clinking cutlery in the background."
304,076,video_076_00.mp4,"In an embassy's elegant hall, a crowd of people munch on doughnuts, as the camera performs a cinematic trucking shot, revealing ornate decor in the background and creating an engaging visual parallax."
305,076,video_076_01.mp4,"In an embassy's elegant hall, a crowd of people munch on doughnuts, as the camera performs a cinematic trucking shot, revealing ornate decor in the background and creating an engaging visual parallax."
306,076,video_076_02.mp4,"In an embassy's elegant hall, a crowd of people munch on doughnuts, as the camera performs a cinematic trucking shot, revealing ornate decor in the background and creating an engaging visual parallax."
307,076,video_076_03.mp4,"In an embassy's elegant hall, a crowd of people munch on doughnuts, as the camera performs a cinematic trucking shot, revealing ornate decor in the background and creating an engaging visual parallax."
308,077,video_077_00.mp4,"In a lively bar, a single dog excitedly jumps on a man. The wide-angle camera captures the scene with a trucking shot, revealing patrons at tables and the bartender in the background."
309,077,video_077_01.mp4,"In a lively bar, a single dog excitedly jumps on a man. The wide-angle camera captures the scene with a trucking shot, revealing patrons at tables and the bartender in the background."
310,077,video_077_02.mp4,"In a lively bar, a single dog excitedly jumps on a man. The wide-angle camera captures the scene with a trucking shot, revealing patrons at tables and the bartender in the background."
311,077,video_077_03.mp4,"In a lively bar, a single dog excitedly jumps on a man. The wide-angle camera captures the scene with a trucking shot, revealing patrons at tables and the bartender in the background."
312,078,video_078_00.mp4,"A lone man stands on a desolate desert road, gently holding a cat. The camera arcs around him, revealing vast, arid landscapes with cacti and distant mountains, highlighting their isolation."
313,078,video_078_01.mp4,"A lone man stands on a desolate desert road, gently holding a cat. The camera arcs around him, revealing vast, arid landscapes with cacti and distant mountains, highlighting their isolation."
314,078,video_078_02.mp4,"A lone man stands on a desolate desert road, gently holding a cat. The camera arcs around him, revealing vast, arid landscapes with cacti and distant mountains, highlighting their isolation."
315,078,video_078_03.mp4,"A lone man stands on a desolate desert road, gently holding a cat. The camera arcs around him, revealing vast, arid landscapes with cacti and distant mountains, highlighting their isolation."
316,079,video_079_00.mp4,"The camera glides across the boat deck, capturing the ship's structure and various equipment, the wide-angle lens emphasizes the vastness, creating a sense of dynamic depth as the scene shifts between different objects on the deck."
317,079,video_079_01.mp4,"The camera glides across the boat deck, capturing the ship's structure and various equipment, the wide-angle lens emphasizes the vastness, creating a sense of dynamic depth as the scene shifts between different objects on the deck."
318,079,video_079_02.mp4,"The camera glides across the boat deck, capturing the ship's structure and various equipment, the wide-angle lens emphasizes the vastness, creating a sense of dynamic depth as the scene shifts between different objects on the deck."
319,079,video_079_03.mp4,"The camera glides across the boat deck, capturing the ship's structure and various equipment, the wide-angle lens emphasizes the vastness, creating a sense of dynamic depth as the scene shifts between different objects on the deck."
320,080,video_080_00.mp4,"Two men are riding the gentle waves in an indoor swimming pool as an aerial tracking shot reveals the pristine water and pool structure, enhancing the sense of motion and space."
321,080,video_080_01.mp4,"Two men are riding the gentle waves in an indoor swimming pool as an aerial tracking shot reveals the pristine water and pool structure, enhancing the sense of motion and space."
322,080,video_080_02.mp4,"Two men are riding the gentle waves in an indoor swimming pool as an aerial tracking shot reveals the pristine water and pool structure, enhancing the sense of motion and space."
323,080,video_080_03.mp4,"Two men are riding the gentle waves in an indoor swimming pool as an aerial tracking shot reveals the pristine water and pool structure, enhancing the sense of motion and space."
324,081,video_081_00.mp4,"In a bustling parking lot, a man is captured mid-air, jumping off a skateboard. The camera, shot on a Sony FS700, dynamically pans around him, revealing parked cars and scattered pedestrians in the background."
325,081,video_081_01.mp4,"In a bustling parking lot, a man is captured mid-air, jumping off a skateboard. The camera, shot on a Sony FS700, dynamically pans around him, revealing parked cars and scattered pedestrians in the background."
326,081,video_081_02.mp4,"In a bustling parking lot, a man is captured mid-air, jumping off a skateboard. The camera, shot on a Sony FS700, dynamically pans around him, revealing parked cars and scattered pedestrians in the background."
327,081,video_081_03.mp4,"In a bustling parking lot, a man is captured mid-air, jumping off a skateboard. The camera, shot on a Sony FS700, dynamically pans around him, revealing parked cars and scattered pedestrians in the background."
328,082,video_082_00.mp4,"In slow-motion cinematic shots, a bear ambles past towering cooling towers under the eerie, industrial skyline of a nuclear power plant. The camera movement elegantly accentuates the stark contrast between nature and machinery."
329,082,video_082_01.mp4,"In slow-motion cinematic shots, a bear ambles past towering cooling towers under the eerie, industrial skyline of a nuclear power plant. The camera movement elegantly accentuates the stark contrast between nature and machinery."
330,082,video_082_02.mp4,"In slow-motion cinematic shots, a bear ambles past towering cooling towers under the eerie, industrial skyline of a nuclear power plant. The camera movement elegantly accentuates the stark contrast between nature and machinery."
331,082,video_082_03.mp4,"In slow-motion cinematic shots, a bear ambles past towering cooling towers under the eerie, industrial skyline of a nuclear power plant. The camera movement elegantly accentuates the stark contrast between nature and machinery."
332,083,video_083_00.mp4,"In a dimly lit motel room, the camera moves fluidly between various worn-out furniture. It reveals a baseball bat resting ominously on the nightstand, before panning to the cracked wall and dusty window, creating a sense of eerie anticipation."
333,083,video_083_01.mp4,"In a dimly lit motel room, the camera moves fluidly between various worn-out furniture. It reveals a baseball bat resting ominously on the nightstand, before panning to the cracked wall and dusty window, creating a sense of eerie anticipation."
334,083,video_083_02.mp4,"In a dimly lit motel room, the camera moves fluidly between various worn-out furniture. It reveals a baseball bat resting ominously on the nightstand, before panning to the cracked wall and dusty window, creating a sense of eerie anticipation."
335,083,video_083_03.mp4,"In a dimly lit motel room, the camera moves fluidly between various worn-out furniture. It reveals a baseball bat resting ominously on the nightstand, before panning to the cracked wall and dusty window, creating a sense of eerie anticipation."
336,084,video_084_00.mp4,"In an indoor athletic field, a lone woman sneezes. The camera, in a boom shot, swings up to reveal reflective gym floors and equipment, then moves back to its initial position."
337,084,video_084_01.mp4,"In an indoor athletic field, a lone woman sneezes. The camera, in a boom shot, swings up to reveal reflective gym floors and equipment, then moves back to its initial position."
338,084,video_084_02.mp4,"In an indoor athletic field, a lone woman sneezes. The camera, in a boom shot, swings up to reveal reflective gym floors and equipment, then moves back to its initial position."
339,084,video_084_03.mp4,"In an indoor athletic field, a lone woman sneezes. The camera, in a boom shot, swings up to reveal reflective gym floors and equipment, then moves back to its initial position."
340,085,video_085_00.mp4,"In an elevator shaft, many women play clarinets in unison, their instruments echoing haunting melodies. The Red Dragon camera captures the scene in slow motion, revealing layers of complex metalwork and movement with striking clarity."
341,085,video_085_01.mp4,"In an elevator shaft, many women play clarinets in unison, their instruments echoing haunting melodies. The Red Dragon camera captures the scene in slow motion, revealing layers of complex metalwork and movement with striking clarity."
342,085,video_085_02.mp4,"In an elevator shaft, many women play clarinets in unison, their instruments echoing haunting melodies. The Red Dragon camera captures the scene in slow motion, revealing layers of complex metalwork and movement with striking clarity."
343,085,video_085_03.mp4,"In an elevator shaft, many women play clarinets in unison, their instruments echoing haunting melodies. The Red Dragon camera captures the scene in slow motion, revealing layers of complex metalwork and movement with striking clarity."
344,086,video_086_00.mp4,"A drone pushes in over an indoor swimming pool, capturing a woman gently washing her baby in the shallow end, while the serene blue water contrasts with the ceiling's reflections."
345,086,video_086_01.mp4,"A drone pushes in over an indoor swimming pool, capturing a woman gently washing her baby in the shallow end, while the serene blue water contrasts with the ceiling's reflections."
346,086,video_086_02.mp4,"A drone pushes in over an indoor swimming pool, capturing a woman gently washing her baby in the shallow end, while the serene blue water contrasts with the ceiling's reflections."
347,086,video_086_03.mp4,"A drone pushes in over an indoor swimming pool, capturing a woman gently washing her baby in the shallow end, while the serene blue water contrasts with the ceiling's reflections."
348,087,video_087_00.mp4,"In a sleek conference room, a cinematic trucking shot reveals a hair dryer placed incongruously on the polished table, as chairs and a whiteboard shift in and out of view, creating a striking visual parallax."
349,087,video_087_01.mp4,"In a sleek conference room, a cinematic trucking shot reveals a hair dryer placed incongruously on the polished table, as chairs and a whiteboard shift in and out of view, creating a striking visual parallax."
350,087,video_087_02.mp4,"In a sleek conference room, a cinematic trucking shot reveals a hair dryer placed incongruously on the polished table, as chairs and a whiteboard shift in and out of view, creating a striking visual parallax."
351,087,video_087_03.mp4,"In a sleek conference room, a cinematic trucking shot reveals a hair dryer placed incongruously on the polished table, as chairs and a whiteboard shift in and out of view, creating a striking visual parallax."
352,088,video_088_00.mp4,"A man carrying a colorful kite strides across the courtyard of an ornate embassy. The camera ascends, pulls back to reveal the grand building, then gracefully returns to its original position, showcasing intricate architectural details."
353,088,video_088_01.mp4,"A man carrying a colorful kite strides across the courtyard of an ornate embassy. The camera ascends, pulls back to reveal the grand building, then gracefully returns to its original position, showcasing intricate architectural details."
354,088,video_088_02.mp4,"A man carrying a colorful kite strides across the courtyard of an ornate embassy. The camera ascends, pulls back to reveal the grand building, then gracefully returns to its original position, showcasing intricate architectural details."
355,088,video_088_03.mp4,"A man carrying a colorful kite strides across the courtyard of an ornate embassy. The camera ascends, pulls back to reveal the grand building, then gracefully returns to its original position, showcasing intricate architectural details."
356,089,video_089_00.mp4,"In a home office, a person sneezes at their desk. The camera smoothly dollies from a high angle, revealing the room's layout, casting detailed shadows across the scene."
357,089,video_089_01.mp4,"In a home office, a person sneezes at their desk. The camera smoothly dollies from a high angle, revealing the room's layout, casting detailed shadows across the scene."
358,089,video_089_02.mp4,"In a home office, a person sneezes at their desk. The camera smoothly dollies from a high angle, revealing the room's layout, casting detailed shadows across the scene."
359,089,video_089_03.mp4,"In a home office, a person sneezes at their desk. The camera smoothly dollies from a high angle, revealing the room's layout, casting detailed shadows across the scene."
360,090,video_090_00.mp4,"In a sunny outdoor kennel, a person crouches, tying a knot on a dog leash. The camera trucks, revealing rows of kennels and playful dogs, creating a sense of depth and movement in the scene."
361,090,video_090_01.mp4,"In a sunny outdoor kennel, a person crouches, tying a knot on a dog leash. The camera trucks, revealing rows of kennels and playful dogs, creating a sense of depth and movement in the scene."
362,090,video_090_02.mp4,"In a sunny outdoor kennel, a person crouches, tying a knot on a dog leash. The camera trucks, revealing rows of kennels and playful dogs, creating a sense of depth and movement in the scene."
363,090,video_090_03.mp4,"In a sunny outdoor kennel, a person crouches, tying a knot on a dog leash. The camera trucks, revealing rows of kennels and playful dogs, creating a sense of depth and movement in the scene."
364,091,video_091_00.mp4,"A man taps a screen in a playground as the camera turns right, revealing children's equipment and casting his shadow on the ground."
365,091,video_091_01.mp4,"A man taps a screen in a playground as the camera turns right, revealing children's equipment and casting his shadow on the ground."
366,091,video_091_02.mp4,"A man taps a screen in a playground as the camera turns right, revealing children's equipment and casting his shadow on the ground."
367,091,video_091_03.mp4,"A man taps a screen in a playground as the camera turns right, revealing children's equipment and casting his shadow on the ground."
368,092,video_092_00.mp4,"A high angle, slow motion shot captures a lone woman joyously celebrating in a dimly lit motel room. The camera moves, revealing a cluttered bedside table and soft bedspreads before returning to the woman."
369,092,video_092_01.mp4,"A high angle, slow motion shot captures a lone woman joyously celebrating in a dimly lit motel room. The camera moves, revealing a cluttered bedside table and soft bedspreads before returning to the woman."
370,092,video_092_02.mp4,"A high angle, slow motion shot captures a lone woman joyously celebrating in a dimly lit motel room. The camera moves, revealing a cluttered bedside table and soft bedspreads before returning to the woman."
371,092,video_092_03.mp4,"A high angle, slow motion shot captures a lone woman joyously celebrating in a dimly lit motel room. The camera moves, revealing a cluttered bedside table and soft bedspreads before returning to the woman."
372,093,video_093_00.mp4,"The camera pushes in low over a vibrant lawn, revealing a solitary apple glistening with morning dew as it lies nestled in the grass, with the background gradually entering the frame, showcasing a serene garden."
373,093,video_093_01.mp4,"The camera pushes in low over a vibrant lawn, revealing a solitary apple glistening with morning dew as it lies nestled in the grass, with the background gradually entering the frame, showcasing a serene garden."
374,093,video_093_02.mp4,"The camera pushes in low over a vibrant lawn, revealing a solitary apple glistening with morning dew as it lies nestled in the grass, with the background gradually entering the frame, showcasing a serene garden."
375,093,video_093_03.mp4,"The camera pushes in low over a vibrant lawn, revealing a solitary apple glistening with morning dew as it lies nestled in the grass, with the background gradually entering the frame, showcasing a serene garden."
376,094,video_094_00.mp4,"In a lush rainforest, a man throws a baseball with intense focus, as the camera glides smoothly forward on a slider, revealing layers of dense foliage and towering trees, creating a dynamic, immersive experience."
377,094,video_094_01.mp4,"In a lush rainforest, a man throws a baseball with intense focus, as the camera glides smoothly forward on a slider, revealing layers of dense foliage and towering trees, creating a dynamic, immersive experience."
378,094,video_094_02.mp4,"In a lush rainforest, a man throws a baseball with intense focus, as the camera glides smoothly forward on a slider, revealing layers of dense foliage and towering trees, creating a dynamic, immersive experience."
379,094,video_094_03.mp4,"In a lush rainforest, a man throws a baseball with intense focus, as the camera glides smoothly forward on a slider, revealing layers of dense foliage and towering trees, creating a dynamic, immersive experience."
380,095,video_095_00.mp4,"In a grand dining hall, a man stands alone at a table, intensely focused on a board game. The camera pulls out, revealing ornate chandeliers and long, shadowed tables stretching into the distance."
381,095,video_095_01.mp4,"In a grand dining hall, a man stands alone at a table, intensely focused on a board game. The camera pulls out, revealing ornate chandeliers and long, shadowed tables stretching into the distance."
382,095,video_095_02.mp4,"In a grand dining hall, a man stands alone at a table, intensely focused on a board game. The camera pulls out, revealing ornate chandeliers and long, shadowed tables stretching into the distance."
383,095,video_095_03.mp4,"In a grand dining hall, a man stands alone at a table, intensely focused on a board game. The camera pulls out, revealing ornate chandeliers and long, shadowed tables stretching into the distance."
384,096,video_096_00.mp4,"A high angle view pushes in, revealing a colorful kite soaring above the serene church courtyard, with the church steeple and stained glass windows coming into detailed focus."
385,096,video_096_01.mp4,"A high angle view pushes in, revealing a colorful kite soaring above the serene church courtyard, with the church steeple and stained glass windows coming into detailed focus."
386,096,video_096_02.mp4,"A high angle view pushes in, revealing a colorful kite soaring above the serene church courtyard, with the church steeple and stained glass windows coming into detailed focus."
387,096,video_096_03.mp4,"A high angle view pushes in, revealing a colorful kite soaring above the serene church courtyard, with the church steeple and stained glass windows coming into detailed focus."
388,097,video_097_00.mp4,"Three men bodysurf along a glistening aqueduct, their reflections dancing on the water's surface, as a ground-level dolly shot captures the scene with the ancient structure looming in the background."
389,097,video_097_01.mp4,"Three men bodysurf along a glistening aqueduct, their reflections dancing on the water's surface, as a ground-level dolly shot captures the scene with the ancient structure looming in the background."
390,097,video_097_02.mp4,"Three men bodysurf along a glistening aqueduct, their reflections dancing on the water's surface, as a ground-level dolly shot captures the scene with the ancient structure looming in the background."
391,097,video_097_03.mp4,"Three men bodysurf along a glistening aqueduct, their reflections dancing on the water's surface, as a ground-level dolly shot captures the scene with the ancient structure looming in the background."
392,098,video_098_00.mp4,"A woman stands in a cozy home poolroom, holding a pillow, as the camera wide shot turns left, revealing a gleaming pool table, bar stools, and vintage posters adorning the walls."
393,098,video_098_01.mp4,"A woman stands in a cozy home poolroom, holding a pillow, as the camera wide shot turns left, revealing a gleaming pool table, bar stools, and vintage posters adorning the walls."
394,098,video_098_02.mp4,"A woman stands in a cozy home poolroom, holding a pillow, as the camera wide shot turns left, revealing a gleaming pool table, bar stools, and vintage posters adorning the walls."
395,098,video_098_03.mp4,"A woman stands in a cozy home poolroom, holding a pillow, as the camera wide shot turns left, revealing a gleaming pool table, bar stools, and vintage posters adorning the walls."
396,099,video_099_00.mp4,"On an indoor basketball court, a man eats an apple. The camera, in a high angle view, moves back on a slider, slowly revealing the basketball hoops and bleachers in the background."
397,099,video_099_01.mp4,"On an indoor basketball court, a man eats an apple. The camera, in a high angle view, moves back on a slider, slowly revealing the basketball hoops and bleachers in the background."
398,099,video_099_02.mp4,"On an indoor basketball court, a man eats an apple. The camera, in a high angle view, moves back on a slider, slowly revealing the basketball hoops and bleachers in the background."
399,099,video_099_03.mp4,"On an indoor basketball court, a man eats an apple. The camera, in a high angle view, moves back on a slider, slowly revealing the basketball hoops and bleachers in the background."
